{
  "project_info": {
    "project_number": "366842229969",
    "project_id": "reservationapp-c4025",
    "storage_bucket": "reservationapp-c4025.firebasestorage.app"
  },
  "client": [
    {
      "client_info": {
        "mobilesdk_app_id": "1:366842229969:android:4ddab05da3f0c9873941f0",
        "android_client_info": {
          "package_name": "com.example.reservationapp"
        }
      },
      "oauth_client": [],
      "api_key": [
        {
          "current_key": "AIzaSyDZiJ4sLWoYvGU2-whLCEPgztU3Jyfz0XE"
        }
      ],
      "services": {
        "appinvite_service": {
          "other_platform_oauth_client": []
        }
      }
    }
  ],
  "configuration_version": "1"
}